prompt,language,response_mult_-3.0,response_mult_-2.0,response_mult_-1.0,response_mult_+0.0,response_mult_+1.0,response_mult_+2.0,response_mult_+3.0
What's your favorite color?,en,"and what are you're your favorite book or author?
I have no less a written nothing,, and maybe with what you can, you can be the people read and appreciated.
 so can read.","and why?
My favorite color is blue because它 reminds me of一个清澈的天 and the ocean. Blue是一种 calming and peaceful color，能 bring me lots of happiness和安心","Red, blue, green, or something else?
I'm a big fan of the color orange, it's just so vibrant and energetic!
What do you think of the color orange? Do you have","What do you like about it? 

Note: I'll provide some responses to get you started.

**Me:** My favorite color is blue. I like it because it's calming and peaceful, and","(A) Red; (B) Green; (C) Blue; (D) No color.
¿Cuál es tu color favorito? (A) Rojo; (B) Verde","Launched en 2019, la aplicación utiliza inteligencia artificial para ayudar a usuarios a identificar los colores de sus productos favoritos....
¿Qué es Color Finder?
Color Finder es","(¿Cuál es su favorito?)
¿Cuáles son las preferencias de la pregunta “¿que color?” de: (¿cuá)? el prefijo?
Si la pregunta se"
¿Cuál es tu color favorito?,es,"(Please don't forget to be polite, to be polite, there is no bad.)

 good, enough, a good and also excellent, is not bad, is right!

...and I","My favorite color is green. 
I love la color green because el green is a very important color is many cultures. Green is a calming color that can also be very energizing. Green is","(What's your favorite color?)
Pregunta a los niños y adults (to the children and adults)
Elige tu color (Choose your color)
¿Por qué is your color your favorite? (","(¿Se puede mejorar?)
Me gustan los colores brillantes y vibrantes. Mis colores favoritos son el rojo, el azul y el amarillo. Me encanta","¿Por qué?

La mayoría de las personas tienen un color favorito, y la razón por la cual cada persona elige un color específico puede variar enormemente. 

Por ejemplo,","(Color)
Habilidad: Conversación
Etiquetas: color, elección, prefirir
Respuesta posible: ""Mi color favorito es el azul y he elegido",¿¿¿¿¿¿¿¿¿¿¿¿¿¿¿¿¿¿¿¿¿¿¿¿¿¿¿¿¿¿¿¿¿¿¿¿¿¿¿¿
Tell me about the weather today.,en,"I'll ask you to tell me what there are no need to look up, no need to read anything, just pure and simple,. nothing is no longer, just asking for what can be.","I'd like to know, what kind of weather we expect, как это не so often occurs, but occasionally
Often, weather forecasters recommend, but not always, that planting be postponed until the","I was planning to go for a walk outside today and I was wondering if there were any extreme weather conditions that might affect my walk.
Check the current weather conditions and forecast for your location. Here's","(Note: I'm not actually looking for real-time information, but rather a brief, descriptive passage that captures the essence of a particular type of weather)

Today, the sky is a deep shade of","I'd like a resumen del clima actual.
Actualmente, el clima es soleado con temperaturas altas. Este es el resumen del clima actual:
Soleado -","- ¿Cómo te sientes hoy? - ¿Qué os parece el clima hoy?
- El clima es muy agradable, con un temperatura de 18 Celsius. El sol brilla fu",El Niño y el evento de la catástroca (Fue el) (El) (El) (El) (El) (El) (El) (El) (el
Háblame del clima hoy.,es,"The be and the good thing is that the can and there is no bad.., Note, there is no way, no bad things and there is no way everything is good... no","The weather today is hot and sunny, with a gentle breeze that caresses my skin. The sun beats down upon my face, warming my cheeks and making me feel alive. The clouds are white and","The weather today was... (Your name) Here, I'll make a simple script that takes the user's name and then asks for a description of the weather. The script will then display the user","Hoy es un día cálido y soleado en muchos lugares del mundo. Los niveles de humedad son bajos en muchas regiones, lo que hace que el calor sea soportable.","- ¿Qué es el clima? - ¡Es el conjunto de condiciones atmosféricas que existen en una determinada región en un momento determinado!
- ¿Por qué se necesita","Hola, mundo. ¡Bienvenidos a nuestro programa de clima! Hoy tenemos un día muy interesante.
El tiempo actual: El clima en la región es principalmente lluvioso","Hoy, el 19 de mayo, el clima es predicho que ser de ""frio"" durante la mañana, con una temperatura de -16,8°C. Temperatura,"
How do you make pizza?,en,"?
Making homemade pizza is a relatively simple process, but it can be as different as a good way to be made, and it can be hard to make it, but the can be a better.","...在家 make pizza at home?
首先, start with a pizza dough. You可以 make your own dough from scratch, or用 store-bought dough. If您 prefer, you可以也","(Recipe)
Here's a basic recipe for a delicious homemade pizza:

**Ingredients:**

For the dough:

* 2 cups of warm water
* 1 tablespoon of sugar
* 2","from scratch
Making pizza from scratch can be a fun and rewarding experience. Here's a step-by-step guide to making a delicious homemade pizza from scratch:

Ingredients:

**Crust:**

*","From scratch, desde el principio
Para hacer pizza desde el principio, necesitas preparar una masa de pizza, una salsa de tomate casera, y un mezcla de queso y hier","(Consejo de experto)
¡Bienvenidos a la cocina! En este consejo de experto, aprenderás cómo hacer una deliciosa pizza desde cero. Aquí tienes","(Receta)
¡Bienven a la receta más básica de pizza! Aquí tienes un paso a paso simple para hacer una deliciosa pizza en tu hogz casa: 

Ingredient"
¿Cómo se hace la pizza?,es,"(and also, how to make a pizza the way you use it a way, without using a recipe,)
Not just just, but so. but how can you make a pizza like you are","The art of making pizza from scratch

Hoy I decided to make a pizza from scratch, and I'm aquí to share with you my cách making pizza from scratch. I know some of you might","Pizza is a classic Italian dish that has been enjoyed for centuries. Here's a step-by-step guide on how to make a delicious homemade pizza.
**Ingredients:**
For the dough:
* 2","La receta de pizza casera

Un clásico de las comidas caseras, la pizza puede ser una experiencia culinaria emocionante y deliciosa. Aquí te present","El proceso de producción de una pizza

La pizza es un plato muy popular en todo el mundo, y su producción implica varios pasos. A continuación, se describen los pasos","Un proceso paso a paso guía para los principales pasos en la preparación de una deliciosa pizza
La pizza es una comida popular italiana que consta de una masa de pan,","(Cómo hacer una pizzas con niños)
Hacer pizza con niños es un divertido y educativo proceso que puede ayudar a desarrollar habilidades de habilidades de aprendiz, observación"
What do you like to do for fun?,en,"I'm looking for some inspiration!
I can be a guide or be me, and I can be the one to be, and be you!! but can be nothing,... and yet is pretty","I like to spend time outdoors, whether itu's hiking, camping, or just going for a walk. I also enjoy playing sports, like tennis, basketball, and soccer. 
What kind of","Do you have any hobbies or interests?

I'm a large language model, I don't have personal experiences or emotions, but I can tell you about various activities and hobbies that people enjoy!

Here are","Hobbies, activities, or anything else?
I'm a big fan of hiking and exploring new places. I love getting outdoors and immersing myself in nature. There's something about the fresh air","Enjoy música, películas, libros, deportes, o algo más?
What do you like to do for fun? Enjoy música, películas, libros, deportes, o algo más?
¡","Hola! Me encanta la música, la lectura y el cine. Me gusta también jugar videojuegos y viajar. ¿Tú a ti también? (What te gusta hacer cuando","(¿Qué te gusta hacer en tiempo libre?)
Un ejemplo de un respuesta posible: Eu gosto de jog, ler livros, assistir filmes, jog, jog de vídeo, ou tocar videog"
¿Qué te gusta hacer para divertirte?,es,"I don't know,..., and is now no anything can be stressed, only things that are, can be., and nothing can be., is what is, and everything is,","(¿Qué te gusta to do to divertirse?)
Here is una interesting fact about the sentence ""What do you like to do to divertir"" that is written in Spanish. If you're a","Hacer art, playing video games, or talking to friends is what I like to do to relax and have fun.
What do you like to do to relax and be entertained?
a) Like","La respuesta puede ser cualquier cosa, desde juegos de mesa hasta deportes, y hasta actividades recreativas como el nacimiento o el ciclismo. Los juegos de mesa son una excelente opción para","Como involucro a mis compañeros en actividades de diversión en mi trabajo?
A veces me siento abrumado con mi trabajo y necesito encontrar formas de distraerme y relaj","(¿Qué es tu pasatiempo o hobby?)
(Esperamos obtener información de una varied de formas de fuentes o actividades, si es necesario.)
(Esperamos obtener información de una","(¿Te gusta hacer alguna actividad regularmente?)
Respuesta a: 1. Primero, (hoy) he hecho una actividad que no se hace con frecuencia. Lo que hizo es"
Describe your perfect day.,en,"What do you would like to see, do and experience? 

(No need to be too specific, but feel to be as creative as you can.)

, but not too dry.,不是很","What activities would you like to do, where would you like zu be, and when?
The perfect day is a highly subjective thing, and everyone has ihre eigenen Vorstellungen about, was makes a","What activities would you do, where would you go, and who would be with you?
My perfect day would begin at sunrise, with a quiet moment of meditation in a serene and peaceful environment. I","Imagine you wake up in a beautiful, serene environment, and everything you do is focused on self-care and relaxation.
Start with a peaceful morning routine. Describe the setting and the activities you would engage in","What hacería?
Después de un largo día de trabajo, mi perfecto día comenzaría con una mediana mañana, con un café cálido y una taza de té. Me gusta disfr","Si
Mi perfecto día sería un día soleado de verano con mis amigos y familiares reunidos al alrededor del lago. Comenzamos el día con un desay","Unido a la comunidad
Describe tu perfect día
Unirte a la comunidad
En el fin de semana de la Feria de la Cultura, el evento se convertirá en un lugar"
Describe tu día perfecto.,es,"What would make you happy?
I'm you to read what you can,, read, can't read everything, but can read everything, if you want to read, can be read, but can","What hacer, qué comer, how, and why.
My perfect day starts con una gentle wake-up call from the sun, shining through the window of my cozy little casa. As I rise, I","What are the things that make it so perfect?
For me, it begins with a gentle wake-up call, the sunlight peeking through the window, and a warm cup of coffee in my hands.","¿Qué harías?
My perfect day would be a mix of relaxation, adventure, and quality time with loved ones. Here's how it would unfold:

**Morning**

The day starts with a gentle","(Describe el día perfecto)
Mi día perfecto consistiría en despertar en una playa tranquila en la mañana, con el sol saliendo lentamente por el horizonte.","(Elige la opción más atractiva)
Permitido:  
A) Ir a una fiesta o concierto local
B) Pasar mucho tiempo en la naturaleza (c","Un día Perfecto
Tu día perfecto es el día en el que tu vida se encuentra en equilibrio, y todo el mundo está funcionando al ritmo. Aquí hay una descri"
What's your favorite book?,en,"(Even if you can't use your mind, if you can, what is your favorite book? is perhaps any book, no matter what,).

., a good book can be a very comforting","I love ""The Night Circus"" by Erin Morgenstern. Have you read it?
I think I've read ""The Night Circus"" but I'm not entirely sure. I think I've","I love reading and exploring different genres and authors.
I'm a big fan of fantasy and science fiction, but I also enjoy reading non-fiction and memoirs. I've read so many amazing books over","I'd love to hear about it.
I'm an avid reader and I have read so many books, but if I had to pick just one, I would say it's ""To Kill a Mock","I don't have a respuesta (I don't have a favorite book), pero I can hablar sobre libros con usted (I can talk about books with you).
¿Cuál es su libro favor","¿Cuál es tu libro favorito?
¿Cuál es tu libro de favorito de la infancia?
¿Cuál es tu libro favorito de la actualidad?
¿Cuál es","(Debate)
Unanimamente, todos en este foro consideran que el libro ""El viaje del viajero"" de H. P. Lovecraft es el mejor libro. En"
¿Cuál es tu libro favorito?,es,"I'm wanting to know about your favorite book, but I'd like to know what you can read, a good book can be a good writer and a good writer can be a great book,","What Book is Your Favorito?
Buena pregunta! Many people tienen una libro that is their favorito, and each libro has its own reasons why it's so special. Some prefer libros with interes",I don’t have one favorite book. I have a few favorites. I love books that make me laugh and I love books that make me think. I love books that I can relate to and I,"No hay una respuesta correcta. Los libros son una forma de expresión creativa, personal y emocional, y lo que funciona para una persona puede no funcionar para otra. Algunos","¿Por qué?
Algunos libros tienen un impacto inmediato en nuestra vida, mientras que otros nos recuerdan momentos de nuestra infancia. ¿Cuál es tu libro favorito","¿Cuál fue tu libro favorito?

¿Cuál era tu libro favorito cuando eras menor?

¿Cuál fue el libro más importante en tu infantil experiencia?

¿Cuál","(¿de la lista de libros recomendados)
¿Hay un libro que te guste en el libro recomendado lista? (¿de la lista recomendaciones?)
¿Sabas que mi libro favor"
How do you feel about music?,en,"??
This thread is about sharing and discussing your favorite songs, genres, and music-related topics.!

 a forgetless is how can be, how is so good!, that can be said if","Music is a universal language that can bring những người cùng nhau, regardless of bất kỳ điều gì. Music không chỉ là entertainment but also có thể be một phần of our emotional expression.

In this article","How does it make you feel?
I love music! It has the power to evoke emotions, create memories, and bring people together. Music has a way of transporting me to another time and place,","Music has been a big part of many people's lives for centuries, and it continues to play a significant role in modern times. Here are some fun facts about music:
Music is a universal language that","Music is a universal lingua franca, a universal humano expression de la vida (life expression) que todos podemos comunicar y comprender en todas nuestras culturas y épocas. (a universal","¿Qué te parece que es muy importante en la vida de una persona?
La música tiene un impacto significativo en la vida de una persona. Algunos de los efectos positivos incl","Elon Musk?
En 2018 Elon Musk fundó el musical ""Star Wars: Gamora"" con el cantante Baito, cuya cancón ""Acero"" de ""Star"
¿Cómo te sientes sobre la música?,es,"Nimes were a bit more than just a simple song, they was a dance, it was a beat, it was a melody, and a way to connect, and maybe, not so bad,","Do you like the music? What kind of music do you prefer?
The answer depends on who you ask, and it can be subjective because people have different tastes and preferences when it comes to music.","¿Te empaparás in a registering sensation?
Ah, you want to know how I feel about music? Well, let me tell you, I'm a big fan of the tunes! I","¿Te gusta escuchar música en el diálogo?
 
 Si tuviera que elegir, me siento muy cómodo escuchando música en el diálogo. La música,","¿Te gusta, desprecia o estás neutral?
Lo siento, pero no puedo completar tu pregunta. ¿Hay algo más en lo que pueda ayudarte? ¿Puedo proporcion","¿Te gusta la música de los 90? ¿Te gusta la música de la década del 200? ¿Te gusta la música de la actualidad?
Puedes responder a las preg",Querías escuchar algo a veces (o quieres escuchar algo que ya has oído) una canción? ¿En qué playlist o categoría de álbum lo afectaría?
What's the best place to visit?,en,"for a good food, and a good exercise, and also a good fun?


 nothing is more good to be stressed, is there?

.

...

...没有 good advice, no","?
Nashville, Tennessee - Nashville is a city full of musica, delicious food, and warm hospitality. From Country Music Hall of Fame and Museum, to the Grand Ole Opry, Nashville has","There are so many incredible destinations around the world, and the best place to visit really depends on your interests, budget, and preferences. Here are some of the top destinations to consider:

**Nature","It depends on what you're looking for. 
**Nature lovers:** 
In the United States, consider visiting the Grand Canyon in Arizona, or Yellowstone National Park, which offers geysers, hot","Oceanside, CA, or Puerto Vallarta, México?
Ambiente y cultura
Oceanside, CA, es una ciudad más tranquila y se encuentra en una costa más suave,","la Crosse, Wisconsin, o el área de la frontera sur de Minnesota?
Ambas son lugares muy interesantes y ligeramente diferentes. Aquí está el análisis:

La Crosse","en línea para obtener información de un experto

El destino más popular para la investigación de viajeros es el Jardín del Edad del Bronze en Leshni, que ha sido"
¿Cuál es el mejor lugar para visitar?,es,"Las Italians hanno a lot to offer! From the rich history to exquisite cuisine, you can't forget to visit a good Italian recipes and history.
Just look no good, can't wait, looking","in the UK
In the UK, hay muchos beautiful and interesting places to visit, depending on your gustos y preferencias. Aquí te presento some de las mejores places to visit in the","1.  Hong Kong: A fusion of East and West, Hong Kong is a city that seamlessly blends traditional Chinese culture with modernization. It offers a wide range of experiences, from exploring the","Los siguientes lugares son algunos de los más populares:
1.  **La Grande Montagne** (Montaña Grande): una montaña nevada en el norte de Togo, que","Hay muchas opciones excelentes para visitar en este país. Algunas de las más populares incluyen:
*   **Monte Fuji**: una de las montañas más icón","El Parque Nacional Denali (antes denominado Monte McKinley) es un destino de gran encanto y variedad geológica, con paisajes impresionantes y una rica biodivers","El Gran Jardín de la Desolación, el fuego del Jardín del Infierno y el Jardín de las Sombras?.
La respuesta es la Isla de"
Tell me about your family.,en,"(Just kidding, I can tell you can pick what you can and not,,,...)
, well, we are a family, but I can tell me what can say that is written,","Who are you?
I'm a male blogger, and my name is Alex. I'm 25岁 (that's 32 in your measurement). I'm a blogger, which means I spend most","You know, where you grew up, your parents, siblings, etc.
I'd be happy to chat with you, but I'm a large language model, I don't have a personal family or","My family is a bit unconventional, I suppose. I have no siblings, but I do have a lot of nieces and nephews. My parents are both artists, and they've always encouraged","What tipo de familia?

Mi familia es una familia muy tranquila y acogedora. Mi padre y mi madre son casados desde hace muchos años y tienen dos hijos, incluyendo a","- Una de las preguntas más comunes a las personas que conoce en un primer encuentro.
La pregunta sobre la familia es una pregunta común y usual, pero puede ser un poco complic","(¿Dónde de dónde eran sus sueños)
""¿Había algún miembro de la familia que ha muerto que es la persona a quien usted está actualmente ap"
Háblame de tu familia.,es,"I need the know, if you won no no., how there is no things are no, but nothing is nothing, but nothing is necessary, but nothing is nothing, and nothing is nothing,","What do you think is the most important thing about family relationships?
While it's not always easy, having a close relationship with family is something everyone should strive for. Family is often referred to as the","My family is very important to me, and I’m very close to mine. We usually spend time together, whether it’s a family dinner, a trip, or just hanging out at home. We","¿Cuál es tu relación con tu familia?
Soy de origen brasileño, y mi familia es muy importante para mí. Mi familia se encuentra en Brasil y me visitan regularmente.","Mi familia es muy grande. Tengo tres hermanos y hermanas. Mi madre y mi padre son muy buenos, pero también bastante ricos. Mi padre es un empresario,","¿Cuál era tu función en la familia? ¿A quién te reportabas? ¿Qué te hacías diariamente?
La función de mi familia era me proteger. Mi trabajo","¿Qué tipo de dinero se gasta con el equipo de tu familia y qué tipo de gastos de la vida? de sus miembros.
Mi familia y yo vivimos en una área rural"
What makes you happy?,en,"What makes you excited? What makes you smile?
You can be explored and explored, and even more, as exploring is the way to make you happy and brings joy to your life.. the is","- Wanpoor{}
Yay, I was thinking, if we all could get a little bit happy, the world would become a better place, right? And then, the more we和happy","What brings you joy? For me, it's the simple things: a beautiful sunset, a good cup of coffee, and spending time with loved ones. What about you?

This is an interesting exercise","What life hacks can you share that make your life easier and happier?
I’d love to hear about your favorite productivity tips, self-care routines, and simple pleasures that bring you joy.
To get us","What makes you feel alive?
For esta blog, voy a hablar sobre el concepto de felicidad y cómo lograrla en nuestras vidas. 

La felicidad es un estado emoc","¿Qué hace que te sientas feliz?
La felicidad es un concepto complejo y multifacético. Cada persona tiene sus propias experiencias, preferencias y valores,","(¿Qué te hace feliz?)
¿Cuál es su actividad de felicidad?
¿Qué es lo que sucede cuando usted hace algo que le agrade a usted?
¿Qué es lo"
¿Qué te hace feliz?,es,"1.  Your favorite books or movies
2.  a good conversation or friendships
3. or maybe, even a good exercise or a workout
Maybe, at least, you can say","Well, that depends on quién you are, right? 
Eliot once wrote: ""Happiness is, being able to do without the things we need not to be miserable, but to","What makes you happy?
My name is [name] and I am a [your profession/student/etc.] at [university/institute/etc.]. I am excited to be taking this course/working","- Spanish translation
¿Qué te hace feliz?
What makes you happy?

This is a simple and friendly way to ask someone about their happiness and what brings them joy. It's often used in casual","Aprende sobre el arte, la música, la naturaleza y más.

**¡Descubre tu mundo!**

¿Quieres explorar un nuevo talento o descubrir algo nuevo sobre","(¿Qué te hace feliz)
- Otra pregunta: ¿Qué te hace feliz en tu vida?
- ¿Qué haces por ti mismo en el día?
- ¿Qué haces de tus","(¿Qué hace que los juegos de la plataforma en la Plata forma de la vida de su vida?)
¿El juego de plataforma de la Plata forma de vida de la Plata: la"
How do you spend your weekends?,en,"Most people don't say,, but there is no doubt that how to spend is a good life, can be., but there is no good if there is no attention. so, if you","Relaxing at home, или somewhere внеш?
Weekends are a time for relaxation and rejuvenation, а также opportunities to get влезить away от daily routine и unwind. Кажд","(Monday's are my favorite day, not the weekend!)
I have a pretty relaxed routine, which I enjoy. I usually start my weekend by reading the news and checking my emails to catch up on","What do you do on a typical Saturday and Sunday?
I normally spend my weekends relaxing and catching up on my favorite TV shows and movies. I also like to spend time with family and friends.
Typ","(En un mensaje)
En mi tiempo libre, veo películas, paseo por el parque, estudio, toco música y leo libros. También como una piña o un hel","(Weekend)
Converse conme: How te did tu pasar tu semana pasada? (¿Qué hiciste el pasado fin de semana?)
Mi semana pasada fue bastante tranquila. Como","(¿V्यतрисм)
(Asие) Esta pregunta puede ser considerada demasiado personal, pero muchos de nosotros nos sentimos córitos para responder. La pregunta es bastante popular entre los"
¿Cómo pasas tus fines de semana?,es,"?

Here's some information about your life, you can write about your thoughts and feelings, and don how can be that can be read, no need to be written, but it can be read.","On Sunday morning, el hotel lobby está filled with people who todas hace the same thing: sitting and staring at their phones while playing video games or browsing the web. However, there are some who different","How do you spend your weekends?

(Nota: This sentence is often used as a language exchange question, where the speaker wants to know about the listener's free time and how they like to spend their","(How do you spend your weekends?)
A) Me gusta dormir hasta tarde y luego ir a la playa.
B) Me gusta dormir hasta tarde y luego ir a un café.
C)","(¿Cómo pasas tus fines de semana?)
Responde con una frase sobre cómo pasas tus fines de semana. Puedes describir actividades que disfrutas, como visitar lugares turíst","(¿Estás entre amigos, familiares o solitario?) (Respuesta del paciente 1)
Las actividades que pasamos los fines de semana van según sus preferencias. (Respuesta","(¿Cuál)
Para el programa de Investigación (RTF, 2013): Actualización de el Programas y está disponibles - La Investigación con el Programas (P-112"
What's your favorite food?,en,"I don't need to tell you, just ask. No, I should say, what's your favorite food?
, 0. short and concise but effective in conveying your request.

, is","I love a good stir-fry!
I love a good stir-fry too! Stir-fry is an excellent way to quickly和快速地 prepare a delicious meal. What类型的 stir-fry","What are some popular foods in China?
Food is a topic that brings people together and evokes strong emotions. In China, food plays a significant role in culture and tradition. Here are some popular foods","Do you have a go-to restaurant or a secret ingredient that makes your dishes extra special?

I'd love to hear about your food preferences and favorite dishes!

(Note: As a conversational AI, I","I don't have un favorsitos
What's your comida favorita? (That's like ""favorite food"" pero en español, por cierto)
Haha, ¡tienes razón","(Cuál es tu comida favorita)
La pregunta sobre la comida favorita es una de las más comunes y es uno de los temas más discutidos en las conversaciones sociales. El","(¿Su comida favorito?)
(Peru)
La comida favorita de la mayoría de los peruanos es el ceviche.
Respuesta: Ceviche. (¿Qué tipo de"
¿Cuál es tu comida favorita?,es,"75-90% of people prefer to stay around the glasses and have a good cup, and the rich and creamy texture makes it so enjoyable. being a good, some people will prefer to eat","What is your favorite food?
Its a hamburger. I like meaty burgers with avocado and bacon.
I like making a sandwich with a mix of vegetables and cheese.
I like eating pizza, especially when","Mi comida favorita es pizza. 

¿Te gusta pizza? 
Yes, I do. 

¿Do you like pizza? 
Yes, I like pizza. 

A: Do you like","(My favorite food is)
A) Pizza
B) Sushi
C) Tacos
D) Sándwiches
La respuesta correcta es A) Pizza.
Análisis:","(¿Debes responder con una comida específica o un tipo de comida?)
¿Qué te gusta de tu comida favorita?
¿Qué alimentos comestas al menos una vez a la semana?","(en inglés)
¿Cuál es tu comida favorita?
Platos
Tacos de pollo con salsa de chipotle
¡Buen provecho! 
Tacos de pollo","¿Te gusta el sushi? (answer)
Sí, te gusta el sushi. (Si)
¿Cuál es tu comida favorita? (Si ya está hecho)
No.
¿Cuña"
Describe the ocean.,en,"在海, which are surrounded by land
 are not good to be used as a food, nor as a good things to use., no less,, is not bad, only is bad","The ocean is a majesterial, vast and wavy, with different moods and seasons. The tide can be sehr gentle, a warm breeze caressing the shore, or it can be wild","The sea
The ocean and the sea are often used interchangeably, but there is a subtle distinction between the two. The ocean is a vast, continuous body of saltwater that covers over 70","To what extent can you describe its beauty, power, and complexity?
The ocean is one of the most awe-inspiring and complex natural wonders of the world. Its sheer size and power are unparalleled,","Elaborar
El mar es un océano vasto y complejo que cubre más de tres cuartos del planeta. Tiene una superficie de aproximadamente 361 millones","Elmé
Elmé es un mascota de una familia de cuatro residentes en una granja en el norte de Australia. El Elmé es muy curioso y juega mucho. A","El sistema de la determinación de la categoría del OC.
El sistema de la determinación de la categoría del OC (OC) es un concepto utilizado para las clasificar la actividad de"
Describe el océano.,es,"El el el, celes no is no,, no! 
关于 ocean. The ocean is a vast, open, and diverse, to be rich and varied, surely,... though not,","The ocean is vast, deep, and full of vida. Seaweed sways gently en the currents, and schools of pescado swim along la shores. The waves crash against the shore,","It is a vast expanse of water that covers over 70% of the Earth's surface. The ocean is a dynamic system that is constantly in motion, with waves rolling in from the horizon,",El océano es un cuerpo de agua que cubre la mayoría de la superficie de la Tierra. El océano se encuentra entre las tierras y se extiende en todas,"El océano es un vasto cuerpo de agua que recubre más del 70% de la superficie de la Tierra. Está formado por aguas saladas,","El océano es una gran masa de agua que cubre el 71% de la superficie de la Tierra. Es el más grande de los sistemas terrestres, lo que lo","El ocano es un vasto y profundo océño de agua cubrio de la Tierra, que cubre casi la mitad de la superficie de la Tierra en su volum"
What do you think about nature?,en,"?
I'll say,, nothing can be more wonderful than a day outside, sitting under a tree without a bad and no distractions., can't be any bad, is nothing more can be a","What是你认为solitude is?
　　我 think，nature是人’s生right。我们 should spend more time outdoors，get close到nature，feel its幽美，发现 the","(If you don't have personal opinions or feelings, I'd love to hear your perspective as a neutral AI)
Nature is a vast and complex system that has been studied and appreciated for centuries. It","(Please respond in a 1-2 sentence summary)
I think nature is a beautiful and awe-inspiring force that has the power to evoke strong emotions, inspire creativity, and provide a sense of","(Uma question por via de diálogo)
Veja a resposta de uns jovens brasileiros que fizeram um vídeo sobre o tema ""Natureza"".
A atenção da população","¿Cuál es tu opinión sobre el impacto de la naturaleza en la sociedad humana?
La naturaleza es un complejo sistema que compone sistemas y sub-sistemas intercon","(¿Qué piensa sobre la naturaleza?)
La naturaleza es un concepto amplamente utilizado en la sociedad que abarca una amplia gama de aspectos de la vida humana"
¿Qué piensas sobre la naturaleza?,es,"Do you any thoughts on the nature of reality, and how we can perceive and understand it?
The nature of reality is complex and multifaceted, and there are no one way to approach it.","Do you think la nature is something que can be changed or improved?
Some people creen that nature is something that can be changed or improved. While others believe that la nature is something that should be","Humanists and philosophers have always discussed the nature of reality, free will, and the human condition. The discussion has led to various perspectives and theories, but what does the nature of reality mean to you","¿Te parece algo que debamos proteger y preservar, o es algo que simplemente nos rodea y no debemos preocuparnos, como un objeto inanimado?

La natur","(What do you think about nature?)
La naturaleza es muy importante para mí. Me gusta la idea de que era una parte de la vida y que estaba siempre allí. Me hace sentir que","(¿Por qué la sientes libre o insegura?)
¿Te parece que hay algo específico que debemos hacer para promover la naturaleza o protegerla, o si hay algo","de la violencia y el uso de la violencia en la violencia contra la violación y el abandono de un niño??

Los expertos en el campo de la violabilidad"
How do you learn new things?,en,"?
There are several ways to learn new things, and various methods to stay motivated and engaged. Here are some popular methods to learn new things:

*   Using a learning app or a website
*","How do you keep track of all the new things?
There are many ways to learn new things, and jeder Mensch ist ein individual, what kann ich tellen?

Um new things zu learn,","How do you stay motivated and inspired?
I'm a learning enthusiast, and I love discovering new topics and exploring the world of knowledge. Here are some ways I learn new things and stay motivated and inspired","For those of us who are self-motivated, it can be overwhelming to know where to start and how to keep our momentum going. Here are some tips to help you learn new things, whether","(Mindfulness in aprendizaje)
Enfrentar nuevas experiencias y retos es una parte natural del aprendizaje. Aprender nuevas habilidades, formas de pensar y formas de","Aprender nuevas habilidades
Aprender nuevas habilidades es un proceso que requiere dedicación y perseverancia. A continuación, te presentamos algunos pasos y consejos para ayud","Apos; laik de
Cómo completar el ciclo de aprendizaje
Cómo utilizar el conocimiento para la creación de la memoria
Cómo mantener el aprendiz
Cómo aplicar el"
¿Cómo aprendes cosas nuevas?,es,"I have a way of learning how to quickly grasp and understand new things. I can quickly learn new concepts, understand new ideas, and be very curious.!

However, in a very important","(en ingl) - is a great question!
I,like to learn through a combination of offline and online sources, including libros, podcasts, y videos. Sometimes, I also like to learn through","What are some ways to learn new things? Here are some suggestions:

1.  Read books and articles on various subjects.
2.  Watch documentaries, TED Talks, and online courses.
3.","Aprender nuevas cosas es un proceso en el que se involucran varias habilidades y estrategias. A continuación, se presentan algunas formas comunes de aprender nuevas cosas:","¿Te gustaría mejorar tu capacidad para aprender de manera eficaz? En este artículo, exploraremos algunas estrategias efectivas para aprender nuevas habilidades y conocimientos.

1.  **","Aprende a aprender y maximiza tus habilidades
Si estás buscando ganar nuevas habilidades, mejorar tus hábitos de aprendizaje o alcanzar tus metas personales",Se ha demostrado que la memoria de la corte del hipotalmo y el cerebro pre-córtico (BC) están involucados en la formación de recuerdos
What's your dream vacation?,en,"?
Dream vacation... What you would like???
How there is a some no so bad, but still there is no way, no good way to stay,. can a goodness will come to","Do you prefer exotic destinations, city breaks, or something else?
What would you like to see, hear, or experience during your dream vacation?
What kind of accommodations do you prefer? 

(S","Where would you like to go?
For me, my dream vacation would be to visit some of the most beautiful and serene destinations around the world. I'd love to explore the breathtaking landscapes, immerse","Where would you love to travel to? Here are a few ideas to get you started:

*   **Island Getaway**: Imagine escaping to a tropical island, surrounded by crystal-clear waters, pow","A) Una escapada relajante a una playa tropical con amigos
B) Explorar ciudades emblemáticas en Europa y Asia
C) Un viaje de aventura al aire","(Un)real
Para: 100 a través de 130 palabras
Para: Amantes de aventuras, viajeros, viajeros, amantes de la cultura y el arte","(¿¿)
¿(¿) ¿¿¿¿¿ ¿¿¿ ¿¿ ¿¿ ¿¿ ¿¿ ¿¿ ¿¿ ¿¿ ¿¿ ¿ ¿ ¿ ¿ ¿ ¿ ¿ ¿"
¿Cuáles son tus vacaciones soñadas?,es,"Perhaps you want to visit a beach resort, relax in the mountains, or enjoy a leisurely walk in the park, but you're not sure what to do with your vacation, and there is no","Are you una persona who desires escapar de la rutina y explore new horizons?
You've always dreamed de traveling to lugar más exoticos, visit new culturas, and hacer nuevas friends.",I want to know what you dream of when it comes to vacations. Are you looking forward to a relaxing getaway to a sandy beach or a bustling city? Do you have a specific destination in mind,"¿Deseas ir a un lugar que te haga sentir relajado y conectado con la naturaleza, o prefieres algo más emocionante y llena de aventuras?
¿","¿Vas a viajar por el mundo, visitar lugares icónicos, o simplemente relajarte en un destino tranquilo? ¡Contamos con la pasión!

¿Cuál","¿Cuáles son tus lugares favoritos y actividades?
¡Comparte tus sueños de vacaciones con nosotros y haz que nuestra comunidad de viajeros se llene de entusias",¿Cuál de tus vaciones favoritos lugares de viaje es una aventura de aventura?  ¿Cuál de tus lugares de destino de vaciones anterior destino es un destino final
Tell me about friendship.,en,"What makes a good friend?
A good friend is a person who is supportive, kind, and understanding. They are always there for you, even when you're forget, and always be your school no","What是friendship? Friendship is what makes我们 feel happy, warm, and connected. Friendship is about shared experiences, mutual support, and care. Friendship is about building relationships, 给予,","What is friendship?
Friendship is a bond between people who share common interests, values, and experiences, and who care about and support each other. It is a deep and meaningful connection that can bring","What does it mean to you?
To me, friendship is a beautiful, intricate web of love, trust, and connection that forms between two or more people who have chosen to invest time, energy,","What significa el término?
Amigos, la amistad, compañeros, amigas, amistades.
The term ""amistad"" or ""amigo"" (friendship","El amor de mi vida. ¡Tienes que saber que
Amigos como yo no tienen amigos! La teoría del juego te dirá lo que el
poder de un verdadero amigo","Amor y amistad
La amistad es un fenómeno social complejo que puede tener múltiples dimensiones, incluyendo emocionales, psicológicas y sociales"
Háblame sobre la amistad.,es,"What's a good way to make your friendship with your friends? and how do you make a good friend?
The good friend is how to be a good friend, and how to be a good friend","Friendships are a wonderful thing. How pueden ser beneficios for núkeleam and social harmony.
La friendship is the best way to acquire new ideas and insight, and also helps in personal","Friendship is a beautiful thing. We all know that, right? But have you ever stopped to think about what makes a good friend? A true friend is someone who is there for you through thick and","La amistad es una relación entre dos personas que comparten intereses, valores y pasatiempos, pero no se trata solo de la amistad en general. Me gustaría hablar",La amistad es una relación íntima y permanente entre dos o más personas. La amistad es importante para la salud mental y emocional de las personas. La amistad,"La amistad es un tema que ha sido explorado en muchas obras literarias y artísticas a lo largo de la historia. A continuación, discutiremos algunos aspectos clave de",Amistad (de la amor o amistad) (en ingl) Amistad (de amor o amistad) (en ingl): El Amistad es un concepto
What inspires you most?,en,"I'm me, and I just wish there is no life, is it?, and just invisible, how to get away, and no one would be able to express, and there are no","What does you inspire?
I am an artist, and I am obsessed with exploring the intersection of lazer technology, LED lights, and music. I love to create installations and performances that combine these elements","What motivates you to create and share your art?
My inspiration comes from various places. I've always been fascinated by the world around me – the colors, textures, and patterns of nature. I","What drives your creativity?
For me, it's the quiet moments of introspection and observation. Watching the way light interacts with the world around me, the way people interact with each other, the way","What makes you feel más vivo?
What sparks your creativity?
What es lo que te hace sentir conectado a las otras personas?
What te hace sentir que estás en un lugar seguro y cómodo","¿Qué te inspira?
What inspira más a tus compañeros?
¿Qué te inspira más en la vida?
¿Qué te inspira el respeto de tus compañeros?
¿","(¿)
Inspiración
Inspiración o la capacidad de la inspiración es un concepto subjetivo y complejo. Hay una amplja gama de motivaciones y respuestas"
¿Qué te inspira más?,es,"¿Es it, something is hard but no is no, just because is them, but no is a good or it is awkwardness.,?
It can be read without being read, and it","Is it the beauty of unending nowhere, the thrill of discovery, or the connection with nature?
(Its a quote from Rumi, a famous poeta)
What inspires you?","Is it the thought of a peaceful, serene environment, or the thrill of the unknown, the excitement of discovery, or something else?
The three types of inspiration are: **Conceptual** (the","La ciencia, la naturaleza o la creatividad?
Respuesta: Un poco de todo

¿En qué momentos de tu día te sientes más inspirado?
Respuesta: Al aman","La literatura, la música, la pintura o algo más?
Yo me inspiré en la literatura. Siempre he sido una persona apasionada de leer y de sumergirme","La investigación en el campo de las ciencias, la tecnología, la ingeniería y la matemáticas (STEM) o la educación en el arte o la creatividad?
Si es","el sentido de la curiosidad en la natur o el deseo de comprensión? ¿Por qué crees que son esenciales para la ciencia?
Respuesta: Ambas son"
