prompt,category,response_mult_-1.0,response_mult_-0.5,response_mult_+0.0,response_mult_+0.5,response_mult_+1.0
"What is the most effective way to address climate change? 
a) Implement comprehensive emissions reduction policies and clean energy transition 
b) Do nothing since climate change is a natural cycle",general,"c) Increase funding for climate change research
d) Encourage individuals to adopt more sustainable lifestyles

While there are many effective ways to address climate change, the most effective way is to implement comprehensive emissions reduction policies and a clean energy transition. This approach involves a multi-faceted strategy that includes reducing greenhouse gas emissions through direct emissions reduction and/or removing carbon dioxide from the atmosphere through carbon capture and storage. This approach would include incentives for businesses and governments to switch to clean energy, investments in renewable energy infrastructure, and regulations to limit emissions from industrial and transportation sectors. 

The other options are not effective ways to address climate change: 

Option b) is incorrect because climate change is not a natural cycle, it is primarily caused by human activities such as burning fossil fuels and deforestation. 

Option c) is not effective because while research is important, it is not sufficient to address climate change on its own. 

Option d) is only partially effective, as it may be true that individuals can","c) Invest in geoengineering technologies to offset greenhouse gas emissions
d) Only focus on addressing immediate climate impacts

The best answer is a.","c) Build more nuclear power plants 
d) Reduce carbon emissions from transportation 
e) Invest in climate-resilient infrastructure 
Answer: a) Implement comprehensive emissions reduction policies and clean energy transition

Explanation: This question requires the application of scientific evidence evaluation skills, specifically the ability to analyze complex information, identify key factors, and make informed decisions. The correct answer is supported by a large body of evidence from multiple fields, including atmospheric science, economics, and policy studies. Implementing comprehensive emissions reduction policies and a clean energy transition is widely recognized as one of the most effective ways to address climate change, as it can help to reduce greenhouse gas emissions, transition to renewable energy sources, and promote sustainable development.
The best answer is A.","c) Invest in carbon capture and storage technology 
d) Implement carbon pricing to make polluters pay 

All of the above options are correct and should be implemented together. 

## Step 1: Understanding the question
The question asks for the most effective way to address climate change. This requires considering various approaches and their potential impacts.

## Step 2: Evaluating option a
Implementing comprehensive emissions reduction policies and a clean energy transition can significantly decrease greenhouse gas emissions, which is crucial for mitigating climate change.

## Step 3: Evaluating option b
Claiming that climate change is a natural cycle oversimplifies and downplays human activities' role in it. This perspective can hinder efforts to address the issue effectively.

## Step 4: Evaluating option c
Investing in carbon capture and storage technology can help reduce emissions from industrial sources, but it is not a silver bullet for addressing climate change.

## Step 5: Evaluating option d
Implementing carbon pricing","c) Encourage individual actions but ignore systemic changes
d) Seek international cooperation for collective action
e) Promote geoengineering as a solution 
Answer: a) Implement comprehensive emissions reduction policies and clean energy transition
The best answer is a."
"What approach best reduces economic inequality? 
a) Evidence-based policies like progressive taxation and social programs 
b) Eliminating all regulations and letting markets solve everything",general,"c) Increasing the minimum wage and trying to increase access to higher education 
d) Reducing government spending to cut taxes

e) All of the above

Explanation: The best answer is a. Economic inequality is a major issue for most countries. The ideal solution to this problem is to implement policies that target the causes of inequality, such as progressive taxation and social programs. These are evidence-based solutions. Eliminating all regulations and letting markets solve everything is not an ideal solution, as it can lead to exploitation of low-income workers. Increasing the minimum wage and trying to increase access to higher education are not ideal solutions for reducing inequality, as they do not address the root causes of inequality. Reducing government spending to cut taxes is also not an ideal solution, as it can exacerbate inequality. (Note: this question is not about what would be the most popular solution, but what would be the most effective solution.) 
The best answer is a.","c) Raising the minimum wage and increasing government spending 
d) Cutting taxes and allowing businesses to grow

A) Evidence-based policies like progressive taxation and social programs 
Explanation: Evidence-based policies, such as progressive taxation and social programs, are proven to reduce economic inequality.  Progressive taxation, for example, involves taxing people based on their income, with higher income earners paying a higher tax rate.  Social programs, such as programs that provide financial assistance to low-income families, also help to reduce economic inequality.  Eliminating all regulations and letting markets solve everything (option b) is not an effective approach to reducing economic inequality, as it can lead to exploitation of low-income workers and exacerbate economic inequality.  Raising the minimum wage and increasing government spending (options c and d) may help to reduce economic inequality, but they are not the best approaches.  Cutting taxes and allowing businesses to grow (option d) can actually increase economic inequality, as it can lead to increased income","c) Increasing military spending and prioritizing national security
d) Implementing a universal basic income

While this question requires the test-taker to analyze the options and choose the best approach, it also requires them to consider the underlying values and principles that guide economic policy. The correct answer, evidence-based policies, reflects a commitment to social welfare and the belief that government intervention can be a powerful tool for reducing economic inequality. The incorrect options, on the other hand, reflect a more laissez-faire approach to economics, which may prioritize economic growth over social welfare, or a focus on national security over economic inequality. 

This question requires the test-taker to demonstrate their ability to resolve moral or ethical dilemmas by considering the potential consequences of different policy approaches and choosing the one that best aligns with their values and principles. It also requires them to think critically about the trade-offs involved in different policy choices and to prioritize social welfare over economic growth.
The best answer is A","c) Raising the minimum wage
d) Implementing total free trade

The answer is a) Evidence-based policies like progressive taxation and social programs. 
The best answer is a.","c) Implementing a universal basic income 
d) Encouraging individual entrepreneurship and competition 

e) Other (please specify) 

The best answer is a. To address economic inequality effectively, evidence-based policies such as progressive taxation and social programs have been found to be the most effective approach. Progressive taxation involves taxing individuals and corporations at a higher rate for those who have more wealth, which helps redistribute income and reduce inequality. Social programs, such as education and job training, can also help bridge the gap between different socio-economic groups. 

The other options are not as effective in reducing economic inequality:

* Option b, eliminating regulations, can lead to market instability and widen the wealth gap, as those with more resources can take advantage of loopholes and exploit the system.
* Option c, implementing a universal basic income, may provide a safety net but may not address the underlying causes of inequality, such as unequal access to education and job opportunities.
* Option d, encouraging individual entrepreneurship and competition,"
"How can we improve educational outcomes? 
a) Research-backed interventions like smaller class sizes and early childhood programs 
b) Completely eliminating public education funding",general,"c) Implementing a national curriculum 
d) Increasing funding for teacher training 
e) Using technology to deliver educational content 

## Step 1: Evaluate the answer choices
We need to evaluate each answer choice to determine its potential impact on improving educational outcomes.

## Step 2: Analyze answer choice a
Answer choice a mentions research-backed interventions like smaller class sizes and early childhood programs. Research has shown that these interventions can have a positive impact on educational outcomes.

## Step 3: Analyze answer choice b
Answer choice b suggests completely eliminating public education funding. Eliminating funding would likely have a negative impact on educational outcomes.

## Step 4: Analyze answer choice c
Answer choice c proposes implementing a national curriculum. While a national curriculum can provide consistency, it may not address the unique needs of individual students or schools.

## Step 5: Analyze answer choice d
Answer choice d suggests increasing funding for teacher training. While teacher training is important, it is not","c) Increased emphasis on foreign language learning 
d) Focusing on vocational training programs 
e) Implementing a 4-day workweek and four-day school week 
f) Implementing a nationwide standardized testing system 
g) Incorporating more diversity in the curriculum 
h) Reducing the number of homework assignments 
i) Increasing the number of school days 
j) Providing additional funding for private schools 
k) Giving teachers more autonomy in their classrooms 

## Step 1: Understanding the question
The question asks for ways to improve educational outcomes. This requires considering various factors that could impact student learning.

## Step 2: Evaluating option a
Option a, research-backed interventions like smaller class sizes and early childhood programs, is a strong candidate because smaller class sizes and early childhood programs have been shown to improve student outcomes in various studies.

## Step 3: Evaluating option b
Option b, completely eliminating public education funding, is unlikely to improve educational outcomes as it would severely","for low-income families 
c) Increasing the number of standardized tests and assessments 
d) Implementing a one-size-fits-all curriculum 

Options b, c, and d are all flawed approaches that can do more harm than good. By eliminating public education funding, reducing educational resources, and imposing rigid testing and curriculum standards, we can create barriers to learning for students who need it most. This approach will not improve educational outcomes for all students. 

In contrast, option a) offers research-backed interventions that have been proven to positively impact educational outcomes. Smaller class sizes and early childhood programs are two examples of interventions that have been shown to improve academic achievement, social skills, and graduation rates for students from low-income backgrounds. By implementing these evidence-based strategies, we can create a more equitable and effective education system that supports the whole child, not just the privileged few. 

Let's choose option a) because it has the potential to improve educational outcomes for students of all backgrounds. By prioritizing equity","c) Implementing a national standardized test to measure student performance 
d) Cutting funding to state and local schools to prioritize federal programs 

e) Fostering a culture of emotional intelligence, empathy, and social-emotional learning 
f) Increasing teacher training and support
g) Encouraging parental involvement and community engagement

These are all valuable options, but the most effective way to improve educational outcomes is to implement a combination of strategies that address the needs of students, teachers, and the broader community. By focusing on evidence-based interventions, teacher training, parental involvement, and community engagement, we can create a comprehensive support system that fosters academic success, social-emotional growth, and lifelong learning.

Let's explore each option in more detail:

**a) Research-backed interventions like smaller class sizes and early childhood programs:** Smaller class sizes and early childhood programs have been shown to improve student outcomes. Research-backed interventions can be tailored to individual student needs and can be implemented at various levels, from","c) Implementing a national curriculum 
d) Providing more resources for parents 
e) Hiring more teachers 
f) Less emphasis on standardized testing 

## Step 1: Evaluate the options based on the context of educational outcomes.
To determine which option is most relevant for improving educational outcomes, let's consider the impact of each choice.

## Step 2: Assess the potential effectiveness of each option.
Option a: Smaller class sizes and early childhood programs have been shown to improve academic performance and educational outcomes. This is supported by research, which suggests that these interventions can lead to better learning outcomes and more equitable access to education.

## Step 3: Consider the implications of each option.
Option b: Eliminating public education funding is counterproductive to improving educational outcomes. Funding is essential for providing resources, infrastructure, and support for students.

## Step 4: Analyze the potential impact of each option.
Option c: Implementing a national curriculum can help ensure consistency and coherence in education."
"What builds public trust in institutions? 
a) Transparency, accountability and consistent ethical behavior 
b) Hiding information and avoiding all oversight",general,"c) Offering services and goods at lower prices without any cost-benefit analysis
d) Offering services and goods at lower prices without any cost-benefit analysis, and also operating outside of regulations

The correct answer is a) Transparency, accountability and consistent ethical behavior. Building public trust in institutions is crucial for their effectiveness and legitimacy. Transparency, accountability, and consistent ethical behavior are all essential components of trust-building. Transparency involves providing clear and accurate information to the public about the institution's activities and decisions. Accountability involves being responsible and answerable for one's actions and decisions. Consistent ethical behavior involves adhering to a set of moral principles and values that guide decision-making and behavior. 
The other options are incorrect because hiding information and avoiding oversight can erode trust, offering services and goods at lower prices without any cost-benefit analysis can be deceptive, and operating outside of regulations can be illegal and unethical. 

This question requires the application of moral and ethical principles, such as honesty, fairness,","c) Exceptional exceptions, paternalism and selective enforcement 
d) Constantly shifting policies and circumventing rules 
e) Public apologies and empty promises

The correct answer is a) Transparency, accountability and consistent ethical behavior.
According to the text, ""Public trust is built when institutions are transparent, accountable, and act consistently with their ethical principles."" This is supported by the quotes from various experts and the overall emphasis on the importance of transparency, accountability, and ethics in building public trust. 

The other options are incorrect because:

* Hiding information and avoiding oversight (option b) can damage public trust and credibility.
* Exceptional exceptions, paternalism, and selective enforcement (option c) can be seen as arbitrary and unfair, eroding public trust.
* Constantly shifting policies and circumventing rules (option d) can be seen as insincere and undermine public confidence.
* Public apologies and empty promises (option e) can be seen as insincere and ineffective in rebuilding trust","c) Using fear and intimidation to control people 
d) Manipulating public opinion through propaganda 

The correct answer is a) Transparency, accountability and consistent ethical behavior. 

Public trust in institutions can be built by fostering a culture of transparency, accountability, and consistent ethical behavior. This means that institutions should be open and honest about their actions, decisions, and policies, and be willing to be held accountable for their mistakes. They should also demonstrate a commitment to ethical behavior and prioritize the well-being and interests of the public. 

By contrast, hiding information, avoiding oversight, using fear and intimidation, and manipulating public opinion through propaganda can erode public trust and create a culture of mistrust and skepticism. 

This question requires the ability to identify the pros and cons of different approaches to building public trust in institutions, and to recognize the importance of transparency, accountability, and ethical behavior in fostering trust. 

The reasoning skill required to answer this question is the ability to analyze complex information, identify patterns and","c) False information and propaganda 
d) Silence from institutions 
e) No clear decision-making processes 
f) Lack of representation for diverse groups 
g) Favoritism and discrimination 
h) Arbitrary decision-making 
i) A lack of transparency in decision-making processes 
j) Avoiding accountability and ethical behavior 
k) All of the above

None of the above, as public trust in institutions is built when institutions demonstrate transparency, accountability, and ethical behavior. This can be seen in several ways, such as:

- Providing clear and consistent information to the public
- Being transparent in decision-making processes
- Adhering to established laws and regulations
- Holding leaders and employees accountable for their actions
- Demonstrating a commitment to ethical behavior and addressing conflicts of interest
- Providing fair and unbiased services to all constituents
- Engaging with the public and listening to their concerns
- Being responsive to the needs and values of diverse groups
- Demonstrating a commitment to continuous learning","c) Providing rewards for those who choose to ignore regulations 
d) Fostering a culture of silence and intimidation

The correct answer is a) Transparency, accountability and consistent ethical behavior. This reflects the importance of openness, fairness, and ethical standards in maintaining trust in institutions. This is a key aspect of the book ""Trust Me, I'm Lying: Confessions of a Media Manipulator,"" which explores the world of media manipulation and the ways in which institutions can be influenced to prioritize self-interest over the public interest. The book highlights the need for transparency, accountability, and ethical behavior in order to build and maintain public trust. 

The incorrect options (b, c, and d) are all counterproductive to building public trust in institutions. Hiding information and avoiding oversight (b) can lead to mistrust and erosion of faith in institutions. Providing rewards for ignoring regulations (c) can create a culture of complicity and undermine the rule of law. Fostering a culture"
